"Path","Method","Name","File","Line"
"/","POST","store","d:\laragon\www\Aero-Enterprise-Suite-Saas\packages\aero-hrm\routes\web.php","1114"
"/{competencyId}","DELETE","destroy","d:\laragon\www\Aero-Enterprise-Suite-Saas\packages\aero-hrm\routes\web.php","142"
"/{employee}/image","GET","image.show","d:\laragon\www\Aero-Enterprise-Suite-Saas\packages\aero-hrm\routes\web.php","643"
"/{goalId}","DELETE","destroy","d:\laragon\www\Aero-Enterprise-Suite-Saas\packages\aero-hrm\routes\web.php","128"
"/{goalId}/check-in","POST","check-in","d:\laragon\www\Aero-Enterprise-Suite-Saas\packages\aero-hrm\routes\web.php","131"
"/{goalId}/complete","POST","complete","d:\laragon\www\Aero-Enterprise-Suite-Saas\packages\aero-hrm\routes\web.php","129"
"/{goalId}/key-results/{keyResultId}","PUT","key-results.update","d:\laragon\www\Aero-Enterprise-Suite-Saas\packages\aero-hrm\routes\web.php","132"
"/{goalId}/progress","PUT","update-progress","d:\laragon\www\Aero-Enterprise-Suite-Saas\packages\aero-hrm\routes\web.php","130"
"/{id}","DELETE","destroy","d:\laragon\www\Aero-Enterprise-Suite-Saas\packages\aero-hrm\routes\web.php","1117"
"/{id}/activate","POST","activate","d:\laragon\www\Aero-Enterprise-Suite-Saas\packages\aero-hrm\routes\web.php","1012"
"/{id}/adjustments","POST","adjustments.store","d:\laragon\www\Aero-Enterprise-Suite-Saas\packages\aero-hrm\routes\web.php","1099"
"/{id}/adjustments/{adjustmentId}","DELETE","adjustments.destroy","d:\laragon\www\Aero-Enterprise-Suite-Saas\packages\aero-hrm\routes\web.php","1101"
"/{id}/adjustments/{adjustmentId}/approve","POST","adjustments.approve","d:\laragon\www\Aero-Enterprise-Suite-Saas\packages\aero-hrm\routes\web.php","1102"
"/{id}/adjustments/{adjustmentId}/reject","POST","adjustments.reject","d:\laragon\www\Aero-Enterprise-Suite-Saas\packages\aero-hrm\routes\web.php","1103"
"/{id}/allocate","POST","allocate","d:\laragon\www\Aero-Enterprise-Suite-Saas\packages\aero-hrm\routes\web.php","847"
"/{id}/approve","POST","approve","d:\laragon\www\Aero-Enterprise-Suite-Saas\packages\aero-hrm\routes\web.php","1118"
"/{id}/assign","POST","assign","d:\laragon\www\Aero-Enterprise-Suite-Saas\packages\aero-hrm\routes\web.php","977"
"/{id}/assign-employee","POST","assign-employee","d:\laragon\www\Aero-Enterprise-Suite-Saas\packages\aero-hrm\routes\web.php","1060"
"/{id}/close","POST","close","d:\laragon\www\Aero-Enterprise-Suite-Saas\packages\aero-hrm\routes\web.php","980"
"/{id}/compensate","POST","compensate","d:\laragon\www\Aero-Enterprise-Suite-Saas\packages\aero-hrm\routes\web.php","960"
"/{id}/complete","POST","complete","d:\laragon\www\Aero-Enterprise-Suite-Saas\packages\aero-hrm\routes\web.php","1014"
"/{id}/investigate","POST","investigate","d:\laragon\www\Aero-Enterprise-Suite-Saas\packages\aero-hrm\routes\web.php","978"
"/{id}/launch","POST","launch","d:\laragon\www\Aero-Enterprise-Suite-Saas\packages\aero-hrm\routes\web.php","1076"
"/{id}/milestones","POST","milestones.store","d:\laragon\www\Aero-Enterprise-Suite-Saas\packages\aero-hrm\routes\web.php","1055"
"/{id}/milestones/{milestoneId}","DELETE","milestones.destroy","d:\laragon\www\Aero-Enterprise-Suite-Saas\packages\aero-hrm\routes\web.php","1057"
"/{id}/notes","POST","notes.store","d:\laragon\www\Aero-Enterprise-Suite-Saas\packages\aero-hrm\routes\web.php","981"
"/{id}/pause","POST","pause","d:\laragon\www\Aero-Enterprise-Suite-Saas\packages\aero-hrm\routes\web.php","1013"
"/{id}/positions","POST","positions.store","d:\laragon\www\Aero-Enterprise-Suite-Saas\packages\aero-hrm\routes\web.php","1122"
"/{id}/positions/{positionId}","DELETE","positions.destroy","d:\laragon\www\Aero-Enterprise-Suite-Saas\packages\aero-hrm\routes\web.php","1124"
"/{id}/progressions/{progressionId}","PUT","progressions.update","d:\laragon\www\Aero-Enterprise-Suite-Saas\packages\aero-hrm\routes\web.php","1061"
"/{id}/reject","POST","reject","d:\laragon\www\Aero-Enterprise-Suite-Saas\packages\aero-hrm\routes\web.php","958"
"/{id}/resolve","POST","resolve","d:\laragon\www\Aero-Enterprise-Suite-Saas\packages\aero-hrm\routes\web.php","979"
"/{id}/respond","POST","respond","d:\laragon\www\Aero-Enterprise-Suite-Saas\packages\aero-hrm\routes\web.php","1015"
"/{id}/responses/{responseId}","POST","responses.submit","d:\laragon\www\Aero-Enterprise-Suite-Saas\packages\aero-hrm\routes\web.php","1078"
"/{id}/return","POST","return","d:\laragon\www\Aero-Enterprise-Suite-Saas\packages\aero-hrm\routes\web.php","848"
"/{id}/reviewers","POST","reviewers.store","d:\laragon\www\Aero-Enterprise-Suite-Saas\packages\aero-hrm\routes\web.php","1077"
"/{planId}/candidates","POST","candidates.store","d:\laragon\www\Aero-Enterprise-Suite-Saas\packages\aero-hrm\routes\web.php","942"
"/{planId}/candidates/{candidateId}","DELETE","candidates.destroy","d:\laragon\www\Aero-Enterprise-Suite-Saas\packages\aero-hrm\routes\web.php","944"
"/{planId}/potential-candidates","GET","potential-candidates","d:\laragon\www\Aero-Enterprise-Suite-Saas\packages\aero-hrm\routes\web.php","941"
"/action-types","POST","action-types.store","d:\laragon\www\Aero-Enterprise-Suite-Saas\packages\aero-hrm\routes\web.php","880"
"/action-types/{id}","DELETE","action-types.destroy","d:\laragon\www\Aero-Enterprise-Suite-Saas\packages\aero-hrm\routes\web.php","882"
"/action-types/data","GET","action-types.data","d:\laragon\www\Aero-Enterprise-Suite-Saas\packages\aero-hrm\routes\web.php","879"
"/add-leave-type","POST","add-leave-type","d:\laragon\www\Aero-Enterprise-Suite-Saas\packages\aero-hrm\routes\web.php","692"
"/admin/attendance/export/excel","GET","attendance.exportAdminExcel","d:\laragon\www\Aero-Enterprise-Suite-Saas\packages\aero-hrm\routes\web.php","594"
"/admin/attendance/export/pdf","GET","attendance.exportAdminPdf","d:\laragon\www\Aero-Enterprise-Suite-Saas\packages\aero-hrm\routes\web.php","595"
"/admin/get-absent-users-for-date","GET","admin.getAbsentUsersForDate","d:\laragon\www\Aero-Enterprise-Suite-Saas\packages\aero-hrm\routes\web.php","739"
"/admin/get-present-users-for-date","GET","admin.getPresentUsersForDate","d:\laragon\www\Aero-Enterprise-Suite-Saas\packages\aero-hrm\routes\web.php","738"
"/allocations","GET","allocations","d:\laragon\www\Aero-Enterprise-Suite-Saas\packages\aero-hrm\routes\web.php","835"
"/allocations/index","GET","allocations.index","d:\laragon\www\Aero-Enterprise-Suite-Saas\packages\aero-hrm\routes\web.php","836"
"/analytics","GET","analytics","d:\laragon\www\Aero-Enterprise-Suite-Saas\packages\aero-hrm\routes\web.php","1091"
"/analytics/attendance","GET","analytics.attendance","d:\laragon\www\Aero-Enterprise-Suite-Saas\packages\aero-hrm\routes\web.php","406"
"/analytics/performance","GET","analytics.performance","d:\laragon\www\Aero-Enterprise-Suite-Saas\packages\aero-hrm\routes\web.php","407"
"/analytics/recruitment","GET","analytics.recruitment","d:\laragon\www\Aero-Enterprise-Suite-Saas\packages\aero-hrm\routes\web.php","408"
"/analytics/reports","GET","analytics.reports","d:\laragon\www\Aero-Enterprise-Suite-Saas\packages\aero-hrm\routes\web.php","411"
"/analytics/reports/generate","POST","analytics.reports.generate","d:\laragon\www\Aero-Enterprise-Suite-Saas\packages\aero-hrm\routes\web.php","412"
"/analytics/training","GET","analytics.training","d:\laragon\www\Aero-Enterprise-Suite-Saas\packages\aero-hrm\routes\web.php","410"
"/analytics/turnover","GET","analytics.turnover","d:\laragon\www\Aero-Enterprise-Suite-Saas\packages\aero-hrm\routes\web.php","409"
"/anomalies","GET","anomalies","d:\laragon\www\Aero-Enterprise-Suite-Saas\packages\aero-hrm\routes\web.php","907"
"/anomalies/{anomaly}/resolve","POST","anomalies.resolve","d:\laragon\www\Aero-Enterprise-Suite-Saas\packages\aero-hrm\routes\web.php","908"
"/api/departments/list","GET","","d:\laragon\www\Aero-Enterprise-Suite-Saas\packages\aero-hrm\routes\web.php","889"
"/api/designations/list","GET","","d:\laragon\www\Aero-Enterprise-Suite-Saas\packages\aero-hrm\routes\web.php","885"
"/assign","POST","assign","d:\laragon\www\Aero-Enterprise-Suite-Saas\packages\aero-hrm\routes\web.php","554"
"/attendance","GET","attendance","d:\laragon\www\Aero-Enterprise-Suite-Saas\packages\aero-hrm\routes\web.php","725"
"/attendance/adjustments","GET","attendance.adjustments","d:\laragon\www\Aero-Enterprise-Suite-Saas\packages\aero-hrm\routes\web.php","730"
"/attendance/attendance-today","GET","attendance.current-user-punch","d:\laragon\www\Aero-Enterprise-Suite-Saas\packages\aero-hrm\routes\web.php","575"
"/attendance/bulk-mark-as-present","POST","attendance.bulk-mark-as-present","d:\laragon\www\Aero-Enterprise-Suite-Saas\packages\aero-hrm\routes\web.php","751"
"/attendance/calendar","GET","attendance.calendar","d:\laragon\www\Aero-Enterprise-Suite-Saas\packages\aero-hrm\routes\web.php","728"
"/attendance/calendar-data","GET","attendance.calendar-data","d:\laragon\www\Aero-Enterprise-Suite-Saas\packages\aero-hrm\routes\web.php","577"
"/attendance/daily","GET","attendance.daily","d:\laragon\www\Aero-Enterprise-Suite-Saas\packages\aero-hrm\routes\web.php","727"
"/attendance/export/excel","GET","attendance.exportExcel","d:\laragon\www\Aero-Enterprise-Suite-Saas\packages\aero-hrm\routes\web.php","593"
"/attendance/export/pdf","GET","attendance.exportPdf","d:\laragon\www\Aero-Enterprise-Suite-Saas\packages\aero-hrm\routes\web.php","596"
"/attendance/locations-today","GET","getUserLocationsForDate","d:\laragon\www\Aero-Enterprise-Suite-Saas\packages\aero-hrm\routes\web.php","737"
"/attendance/logs","GET","attendance.logs","d:\laragon\www\Aero-Enterprise-Suite-Saas\packages\aero-hrm\routes\web.php","729"
"/attendance/mark-as-present","POST","attendance.mark-as-present","d:\laragon\www\Aero-Enterprise-Suite-Saas\packages\aero-hrm\routes\web.php","750"
"/attendance/monthly-stats","GET","attendance.monthlyStats","d:\laragon\www\Aero-Enterprise-Suite-Saas\packages\aero-hrm\routes\web.php","740"
"/attendance/my-monthly-stats","GET","attendance.myMonthlyStats","d:\laragon\www\Aero-Enterprise-Suite-Saas\packages\aero-hrm\routes\web.php","756"
"/attendance/punch","POST","attendance.punch","d:\laragon\www\Aero-Enterprise-Suite-Saas\packages\aero-hrm\routes\web.php","589"
"/attendance/rules","GET","attendance.rules","d:\laragon\www\Aero-Enterprise-Suite-Saas\packages\aero-hrm\routes\web.php","731"
"/attendance-employee","GET","attendance-employee","d:\laragon\www\Aero-Enterprise-Suite-Saas\packages\aero-hrm\routes\web.php","574"
"/attendances","GET","attendances","d:\laragon\www\Aero-Enterprise-Suite-Saas\packages\aero-hrm\routes\web.php","726"
"/attendances-admin-paginate","GET","attendancesAdmin.paginate","d:\laragon\www\Aero-Enterprise-Suite-Saas\packages\aero-hrm\routes\web.php","736"
"/attrition","GET","attrition","d:\laragon\www\Aero-Enterprise-Suite-Saas\packages\aero-hrm\routes\web.php","901"
"/bank-details","GET","bank-details.show","d:\laragon\www\Aero-Enterprise-Suite-Saas\packages\aero-hrm\routes\web.php","518"
"/bank-details/verify","POST","","d:\laragon\www\Aero-Enterprise-Suite-Saas\packages\aero-hrm\routes\web.php","519"
"/benefits","POST","benefits.store","d:\laragon\www\Aero-Enterprise-Suite-Saas\packages\aero-hrm\routes\web.php","348"
"/benefits/{id}","DELETE","benefits.destroy","d:\laragon\www\Aero-Enterprise-Suite-Saas\packages\aero-hrm\routes\web.php","352"
"/benefits/{id}/edit","GET","benefits.edit","d:\laragon\www\Aero-Enterprise-Suite-Saas\packages\aero-hrm\routes\web.php","350"
"/benefits/create","GET","benefits.create","d:\laragon\www\Aero-Enterprise-Suite-Saas\packages\aero-hrm\routes\web.php","347"
"/benefits/enrollments","POST","benefits.enrollments.store","d:\laragon\www\Aero-Enterprise-Suite-Saas\packages\aero-hrm\routes\web.php","345"
"/benefits/enrollments/{id}/approve","POST","benefits.enrollments.approve","d:\laragon\www\Aero-Enterprise-Suite-Saas\packages\aero-hrm\routes\web.php","346"
"/benefits/stats","GET","benefits.stats","d:\laragon\www\Aero-Enterprise-Suite-Saas\packages\aero-hrm\routes\web.php","343"
"/bulk-approve","POST","bulk-approve","d:\laragon\www\Aero-Enterprise-Suite-Saas\packages\aero-hrm\routes\web.php","959"
"/burnout","GET","burnout","d:\laragon\www\Aero-Enterprise-Suite-Saas\packages\aero-hrm\routes\web.php","904"
"/calculate-preview","POST","calculate-preview","d:\laragon\www\Aero-Enterprise-Suite-Saas\packages\aero-hrm\routes\web.php","555"
"/cases","POST","cases.store","d:\laragon\www\Aero-Enterprise-Suite-Saas\packages\aero-hrm\routes\web.php","861"
"/cases/{id}","DELETE","cases.destroy","d:\laragon\www\Aero-Enterprise-Suite-Saas\packages\aero-hrm\routes\web.php","863"
"/cases/{id}/appeal","POST","cases.appeal","d:\laragon\www\Aero-Enterprise-Suite-Saas\packages\aero-hrm\routes\web.php","868"
"/cases/{id}/close","POST","cases.close","d:\laragon\www\Aero-Enterprise-Suite-Saas\packages\aero-hrm\routes\web.php","867"
"/cases/{id}/start-investigation","POST","cases.start-investigation","d:\laragon\www\Aero-Enterprise-Suite-Saas\packages\aero-hrm\routes\web.php","865"
"/cases/{id}/take-action","POST","cases.take-action","d:\laragon\www\Aero-Enterprise-Suite-Saas\packages\aero-hrm\routes\web.php","866"
"/cases/paginate","GET","cases.paginate","d:\laragon\www\Aero-Enterprise-Suite-Saas\packages\aero-hrm\routes\web.php","858"
"/cases/stats","GET","cases.stats","d:\laragon\www\Aero-Enterprise-Suite-Saas\packages\aero-hrm\routes\web.php","859"
"/categories","POST","categories.store","d:\laragon\www\Aero-Enterprise-Suite-Saas\packages\aero-hrm\routes\web.php","972"
"/categories/{id}","DELETE","categories.destroy","d:\laragon\www\Aero-Enterprise-Suite-Saas\packages\aero-hrm\routes\web.php","818"
"/categories/list","GET","categories.list","d:\laragon\www\Aero-Enterprise-Suite-Saas\packages\aero-hrm\routes\web.php","838"
"/categories/paginate","GET","categories.paginate","d:\laragon\www\Aero-Enterprise-Suite-Saas\packages\aero-hrm\routes\web.php","814"
"/categories/stats","GET","categories.stats","d:\laragon\www\Aero-Enterprise-Suite-Saas\packages\aero-hrm\routes\web.php","815"
"/checklists","POST","checklists.store","d:\laragon\www\Aero-Enterprise-Suite-Saas\packages\aero-hrm\routes\web.php","274"
"/checklists/{id}","DELETE","checklists.destroy","d:\laragon\www\Aero-Enterprise-Suite-Saas\packages\aero-hrm\routes\web.php","276"
"/check-timesheet-updates/{date}/{month?}","GET","","d:\laragon\www\Aero-Enterprise-Suite-Saas\packages\aero-hrm\routes\web.php","744"
"/check-user-locations-updates/{date}","GET","","d:\laragon\www\Aero-Enterprise-Suite-Saas\packages\aero-hrm\routes\web.php","742"
"/compensations","POST","compensations.store","d:\laragon\www\Aero-Enterprise-Suite-Saas\packages\aero-hrm\routes\web.php","1026"
"/competencies","POST","competencies.store","d:\laragon\www\Aero-Enterprise-Suite-Saas\packages\aero-hrm\routes\web.php","291"
"/competencies/{id}","DELETE","competencies.destroy","d:\laragon\www\Aero-Enterprise-Suite-Saas\packages\aero-hrm\routes\web.php","293"
"/create","GET","create","d:\laragon\www\Aero-Enterprise-Suite-Saas\packages\aero-hrm\routes\web.php","122"
"/dashboard","GET","dashboard","d:\laragon\www\Aero-Enterprise-Suite-Saas\packages\aero-hrm\routes\web.php","86"
"/dashboard/stats","GET","dashboard.stats","d:\laragon\www\Aero-Enterprise-Suite-Saas\packages\aero-hrm\routes\web.php","87"
"/delete-leave-type/{id}","DELETE","delete-leave-type","d:\laragon\www\Aero-Enterprise-Suite-Saas\packages\aero-hrm\routes\web.php","694"
"/designations","POST","designations.store","d:\laragon\www\Aero-Enterprise-Suite-Saas\packages\aero-hrm\routes\web.php","799"
"/designations/{id}","DELETE","designations.destroy","d:\laragon\www\Aero-Enterprise-Suite-Saas\packages\aero-hrm\routes\web.php","802"
"/designations/json","GET","designations.json","d:\laragon\www\Aero-Enterprise-Suite-Saas\packages\aero-hrm\routes\web.php","796"
"/designations/list","GET","designations.list","d:\laragon\www\Aero-Enterprise-Suite-Saas\packages\aero-hrm\routes\web.php","804"
"/designations/stats","GET","designations.stats","d:\laragon\www\Aero-Enterprise-Suite-Saas\packages\aero-hrm\routes\web.php","798"
"/document-categories","POST","documents.categories.store","d:\laragon\www\Aero-Enterprise-Suite-Saas\packages\aero-hrm\routes\web.php","426"
"/document-categories/{id}","DELETE","documents.categories.destroy","d:\laragon\www\Aero-Enterprise-Suite-Saas\packages\aero-hrm\routes\web.php","428"
"/documents","POST","documents.store","d:\laragon\www\Aero-Enterprise-Suite-Saas\packages\aero-hrm\routes\web.php","530"
"/documents/{document}","DELETE","documents.destroy","d:\laragon\www\Aero-Enterprise-Suite-Saas\packages\aero-hrm\routes\web.php","534"
"/documents/{document}/download","GET","documents.download","d:\laragon\www\Aero-Enterprise-Suite-Saas\packages\aero-hrm\routes\web.php","532"
"/documents/{document}/verify","POST","","d:\laragon\www\Aero-Enterprise-Suite-Saas\packages\aero-hrm\routes\web.php","535"
"/documents/{id}","DELETE","documents.destroy","d:\laragon\www\Aero-Enterprise-Suite-Saas\packages\aero-hrm\routes\web.php","422"
"/documents/create","GET","documents.create","d:\laragon\www\Aero-Enterprise-Suite-Saas\packages\aero-hrm\routes\web.php","418"
"/documents/expiring","GET","documents.expiring","d:\laragon\www\Aero-Enterprise-Suite-Saas\packages\aero-hrm\routes\web.php","542"
"/education/delete","DELETE","education.delete","d:\laragon\www\Aero-Enterprise-Suite-Saas\packages\aero-hrm\routes\web.php","630"
"/education/update","POST","education.update","d:\laragon\www\Aero-Enterprise-Suite-Saas\packages\aero-hrm\routes\web.php","629"
"/emergency-contacts","POST","emergency-contacts.store","d:\laragon\www\Aero-Enterprise-Suite-Saas\packages\aero-hrm\routes\web.php","525"
"/emergency-contacts/{contact}","DELETE","emergency-contacts.destroy","d:\laragon\www\Aero-Enterprise-Suite-Saas\packages\aero-hrm\routes\web.php","526"
"/employee/{employeeId}","GET","employee.salary","d:\laragon\www\Aero-Enterprise-Suite-Saas\packages\aero-hrm\routes\web.php","553"
"/employee-benefits/{employeeId}","POST","employee.benefits.assign","d:\laragon\www\Aero-Enterprise-Suite-Saas\packages\aero-hrm\routes\web.php","356"
"/employee-benefits/{employeeId}/{benefitId}","DELETE","employee.benefits.remove","d:\laragon\www\Aero-Enterprise-Suite-Saas\packages\aero-hrm\routes\web.php","358"
"/employee-documents/{employeeId}","POST","employee.documents.store","d:\laragon\www\Aero-Enterprise-Suite-Saas\packages\aero-hrm\routes\web.php","432"
"/employee-documents/{employeeId}/{documentId}","DELETE","employee.documents.destroy","d:\laragon\www\Aero-Enterprise-Suite-Saas\packages\aero-hrm\routes\web.php","434"
"/employees","GET","employees","d:\laragon\www\Aero-Enterprise-Suite-Saas\packages\aero-hrm\routes\web.php","699"
"/employees/{employee}/risk-profile","GET","employee-risk-profile","d:\laragon\www\Aero-Enterprise-Suite-Saas\packages\aero-hrm\routes\web.php","921"
"/employees/{employeeId}","GET","employee","d:\laragon\www\Aero-Enterprise-Suite-Saas\packages\aero-hrm\routes\web.php","1037"
"/employees/{employeeId}/{competencyId}/assess","POST","assess","d:\laragon\www\Aero-Enterprise-Suite-Saas\packages\aero-hrm\routes\web.php","148"
"/employees/{employeeId}/{competencyId}/endorse","POST","endorse","d:\laragon\www\Aero-Enterprise-Suite-Saas\packages\aero-hrm\routes\web.php","150"
"/employees/{employeeId}/gap-analysis","GET","gap-analysis","d:\laragon\www\Aero-Enterprise-Suite-Saas\packages\aero-hrm\routes\web.php","149"
"/employees/{employeeId}/summary","GET","employee-summary","d:\laragon\www\Aero-Enterprise-Suite-Saas\packages\aero-hrm\routes\web.php","961"
"/employees/{id}","DELETE","employees.destroy","d:\laragon\www\Aero-Enterprise-Suite-Saas\packages\aero-hrm\routes\web.php","506"
"/employees/{id}/restore","POST","employees.restore","d:\laragon\www\Aero-Enterprise-Suite-Saas\packages\aero-hrm\routes\web.php","507"
"/employees/list","GET","employees.list","d:\laragon\www\Aero-Enterprise-Suite-Saas\packages\aero-hrm\routes\web.php","498"
"/employees/onboard","POST","employees.onboard","d:\laragon\www\Aero-Enterprise-Suite-Saas\packages\aero-hrm\routes\web.php","502"
"/employees/onboard-bulk","POST","employees.onboard-bulk","d:\laragon\www\Aero-Enterprise-Suite-Saas\packages\aero-hrm\routes\web.php","503"
"/employees/onboarding-analytics","GET","employees.onboarding-analytics","d:\laragon\www\Aero-Enterprise-Suite-Saas\packages\aero-hrm\routes\web.php","500"
"/employees/paginate","GET","employees.paginate","d:\laragon\www\Aero-Enterprise-Suite-Saas\packages\aero-hrm\routes\web.php","700"
"/employees/pending-onboarding","GET","employees.pending-onboarding","d:\laragon\www\Aero-Enterprise-Suite-Saas\packages\aero-hrm\routes\web.php","499"
"/employees/stats","GET","employees.stats","d:\laragon\www\Aero-Enterprise-Suite-Saas\packages\aero-hrm\routes\web.php","701"
"/employee-skills/{employeeId}","POST","employee.skills.store","d:\laragon\www\Aero-Enterprise-Suite-Saas\packages\aero-hrm\routes\web.php","297"
"/employee-skills/{employeeId}/{skillId}","DELETE","employee.skills.destroy","d:\laragon\www\Aero-Enterprise-Suite-Saas\packages\aero-hrm\routes\web.php","300"
"/employee-skills/{employeeId}/{skillId}/verify","POST","employee.skills.verify","d:\laragon\www\Aero-Enterprise-Suite-Saas\packages\aero-hrm\routes\web.php","299"
"/engagement","GET","engagement","d:\laragon\www\Aero-Enterprise-Suite-Saas\packages\aero-hrm\routes\web.php","914"
"/experience/delete","DELETE","experience.delete","d:\laragon\www\Aero-Enterprise-Suite-Saas\packages\aero-hrm\routes\web.php","634"
"/experience/update","POST","experience.update","d:\laragon\www\Aero-Enterprise-Suite-Saas\packages\aero-hrm\routes\web.php","633"
"/forecast","GET","forecast","d:\laragon\www\Aero-Enterprise-Suite-Saas\packages\aero-hrm\routes\web.php","1113"
"/get-absent-users-for-date","GET","getAbsentUsersForDate","d:\laragon\www\Aero-Enterprise-Suite-Saas\packages\aero-hrm\routes\web.php","599"
"/get-all-users-attendance-for-date","GET","getAllUsersAttendanceForDate","d:\laragon\www\Aero-Enterprise-Suite-Saas\packages\aero-hrm\routes\web.php","597"
"/get-client-ip","GET","getClientIp","d:\laragon\www\Aero-Enterprise-Suite-Saas\packages\aero-hrm\routes\web.php","600"
"/get-current-user-attendance-for-date","GET","getCurrentUserAttendanceForDate","d:\laragon\www\Aero-Enterprise-Suite-Saas\packages\aero-hrm\routes\web.php","576"
"/get-present-users-for-date","GET","getPresentUsersForDate","d:\laragon\www\Aero-Enterprise-Suite-Saas\packages\aero-hrm\routes\web.php","598"
"/holidays","GET","holidays","d:\laragon\www\Aero-Enterprise-Suite-Saas\packages\aero-hrm\routes\web.php","604"
"/holidays-add","POST","holidays-add","d:\laragon\www\Aero-Enterprise-Suite-Saas\packages\aero-hrm\routes\web.php","605"
"/holidays-delete","DELETE","holidays-delete","d:\laragon\www\Aero-Enterprise-Suite-Saas\packages\aero-hrm\routes\web.php","606"
"/holidays-legacy","GET","holidays-legacy","d:\laragon\www\Aero-Enterprise-Suite-Saas\packages\aero-hrm\routes\web.php","609"
"/hr-analytics","GET","hr-analytics.index","d:\laragon\www\Aero-Enterprise-Suite-Saas\packages\aero-hrm\routes\web.php","404"
"/image/remove","DELETE","image.remove","d:\laragon\www\Aero-Enterprise-Suite-Saas\packages\aero-hrm\routes\web.php","645"
"/image/upload","POST","image.upload","d:\laragon\www\Aero-Enterprise-Suite-Saas\packages\aero-hrm\routes\web.php","644"
"/insights","GET","insights","d:\laragon\www\Aero-Enterprise-Suite-Saas\packages\aero-hrm\routes\web.php","917"
"/insights/{insight}/resolve","POST","insights.resolve","d:\laragon\www\Aero-Enterprise-Suite-Saas\packages\aero-hrm\routes\web.php","918"
"/leave-add","POST","leave-add","d:\laragon\www\Aero-Enterprise-Suite-Saas\packages\aero-hrm\routes\web.php","564"
"/leave-delete","DELETE","leave-delete","d:\laragon\www\Aero-Enterprise-Suite-Saas\packages\aero-hrm\routes\web.php","566"
"/leaves","GET","leaves","d:\laragon\www\Aero-Enterprise-Suite-Saas\packages\aero-hrm\routes\web.php","650"
"/leaves/{id}/approve","POST","leaves.approve","d:\laragon\www\Aero-Enterprise-Suite-Saas\packages\aero-hrm\routes\web.php","671"
"/leaves/{id}/reject","POST","leaves.reject","d:\laragon\www\Aero-Enterprise-Suite-Saas\packages\aero-hrm\routes\web.php","672"
"/leaves/analytics","GET","leaves.analytics","d:\laragon\www\Aero-Enterprise-Suite-Saas\packages\aero-hrm\routes\web.php","659"
"/leaves/balances","GET","leaves.balances","d:\laragon\www\Aero-Enterprise-Suite-Saas\packages\aero-hrm\routes\web.php","569"
"/leaves/bulk","DELETE","leaves.bulk.delete","d:\laragon\www\Aero-Enterprise-Suite-Saas\packages\aero-hrm\routes\web.php","685"
"/leaves/bulk/calendar-data","GET","leaves.bulk.calendar-data","d:\laragon\www\Aero-Enterprise-Suite-Saas\packages\aero-hrm\routes\web.php","680"
"/leaves/bulk/leave-types","GET","leaves.bulk.leave-types","d:\laragon\www\Aero-Enterprise-Suite-Saas\packages\aero-hrm\routes\web.php","679"
"/leaves/bulk/validate","POST","leaves.bulk.validate","d:\laragon\www\Aero-Enterprise-Suite-Saas\packages\aero-hrm\routes\web.php","677"
"/leaves/bulk-approve","POST","leaves.bulk-approve","d:\laragon\www\Aero-Enterprise-Suite-Saas\packages\aero-hrm\routes\web.php","667"
"/leaves/bulk-reject","POST","leaves.bulk-reject","d:\laragon\www\Aero-Enterprise-Suite-Saas\packages\aero-hrm\routes\web.php","668"
"/leaves/pending-approvals","GET","leaves.pending-approvals","d:\laragon\www\Aero-Enterprise-Suite-Saas\packages\aero-hrm\routes\web.php","662"
"/leaves-employee","GET","leaves-employee","d:\laragon\www\Aero-Enterprise-Suite-Saas\packages\aero-hrm\routes\web.php","563"
"/leave-settings","GET","leave-settings","d:\laragon\www\Aero-Enterprise-Suite-Saas\packages\aero-hrm\routes\web.php","690"
"/leaves-paginate","GET","leaves.paginate","d:\laragon\www\Aero-Enterprise-Suite-Saas\packages\aero-hrm\routes\web.php","567"
"/leaves-stats","GET","leaves.stats","d:\laragon\www\Aero-Enterprise-Suite-Saas\packages\aero-hrm\routes\web.php","568"
"/leave-summary","GET","leave-summary","d:\laragon\www\Aero-Enterprise-Suite-Saas\packages\aero-hrm\routes\web.php","651"
"/leave-summary/export/excel","GET","leave.summary.exportExcel","d:\laragon\www\Aero-Enterprise-Suite-Saas\packages\aero-hrm\routes\web.php","655"
"/leave-summary/export/pdf","GET","leave.summary.exportPdf","d:\laragon\www\Aero-Enterprise-Suite-Saas\packages\aero-hrm\routes\web.php","656"
"/leave-types","GET","leave-types","d:\laragon\www\Aero-Enterprise-Suite-Saas\packages\aero-hrm\routes\web.php","691"
"/leave-update","POST","leave-update","d:\laragon\www\Aero-Enterprise-Suite-Saas\packages\aero-hrm\routes\web.php","565"
"/leave-update-status","POST","leave-update-status","d:\laragon\www\Aero-Enterprise-Suite-Saas\packages\aero-hrm\routes\web.php","652"
"/managers","GET","managers.list","d:\laragon\www\Aero-Enterprise-Suite-Saas\packages\aero-hrm\routes\web.php","559"
"/my-attendance","GET","my-attendance","d:\laragon\www\Aero-Enterprise-Suite-Saas\packages\aero-hrm\routes\web.php","734"
"/my-claims","GET","my-claims","d:\laragon\www\Aero-Enterprise-Suite-Saas\packages\aero-hrm\routes\web.php","811"
"/my-expenses","GET","my-expenses","d:\laragon\www\Aero-Enterprise-Suite-Saas\packages\aero-hrm\routes\web.php","582"
"/my-pending","GET","my-pending","d:\laragon\www\Aero-Enterprise-Suite-Saas\packages\aero-hrm\routes\web.php","1071"
"/offboarding","POST","offboarding.store","d:\laragon\www\Aero-Enterprise-Suite-Saas\packages\aero-hrm\routes\web.php","267"
"/offboarding/{id}","DELETE","offboarding.destroy","d:\laragon\www\Aero-Enterprise-Suite-Saas\packages\aero-hrm\routes\web.php","270"
"/offboarding/create","GET","offboarding.create","d:\laragon\www\Aero-Enterprise-Suite-Saas\packages\aero-hrm\routes\web.php","266"
"/onboarding","POST","onboarding.store","d:\laragon\www\Aero-Enterprise-Suite-Saas\packages\aero-hrm\routes\web.php","250"
"/onboarding/{id}","DELETE","onboarding.destroy","d:\laragon\www\Aero-Enterprise-Suite-Saas\packages\aero-hrm\routes\web.php","254"
"/onboarding/{id}/edit","GET","onboarding.edit","d:\laragon\www\Aero-Enterprise-Suite-Saas\packages\aero-hrm\routes\web.php","252"
"/onboarding/create","GET","onboarding.create","d:\laragon\www\Aero-Enterprise-Suite-Saas\packages\aero-hrm\routes\web.php","249"
"/onboarding/wizard/{employee}","GET","onboarding.wizard","d:\laragon\www\Aero-Enterprise-Suite-Saas\packages\aero-hrm\routes\web.php","257"
"/onboarding/wizard/{employee}/bank","POST","onboarding.save-bank","d:\laragon\www\Aero-Enterprise-Suite-Saas\packages\aero-hrm\routes\web.php","261"
"/onboarding/wizard/{employee}/complete","POST","onboarding.complete","d:\laragon\www\Aero-Enterprise-Suite-Saas\packages\aero-hrm\routes\web.php","262"
"/onboarding/wizard/{employee}/documents","POST","onboarding.save-documents","d:\laragon\www\Aero-Enterprise-Suite-Saas\packages\aero-hrm\routes\web.php","260"
"/onboarding/wizard/{employee}/job","POST","onboarding.save-job","d:\laragon\www\Aero-Enterprise-Suite-Saas\packages\aero-hrm\routes\web.php","259"
"/onboarding/wizard/{employee}/personal","POST","onboarding.save-personal","d:\laragon\www\Aero-Enterprise-Suite-Saas\packages\aero-hrm\routes\web.php","258"
"/overtime/rules","GET","overtime.rules","d:\laragon\www\Aero-Enterprise-Suite-Saas\packages\aero-hrm\routes\web.php","733"
"/paginate","GET","paginate","d:\laragon\www\Aero-Enterprise-Suite-Saas\packages\aero-hrm\routes\web.php","1111"
"/payroll","POST","payroll.store","d:\laragon\www\Aero-Enterprise-Suite-Saas\packages\aero-hrm\routes\web.php","465"
"/payroll/{id}","DELETE","payroll.destroy","d:\laragon\www\Aero-Enterprise-Suite-Saas\packages\aero-hrm\routes\web.php","469"
"/payroll/{id}/edit","GET","payroll.edit","d:\laragon\www\Aero-Enterprise-Suite-Saas\packages\aero-hrm\routes\web.php","467"
"/payroll/{id}/payslip","GET","payroll.payslip.view","d:\laragon\www\Aero-Enterprise-Suite-Saas\packages\aero-hrm\routes\web.php","479"
"/payroll/{id}/payslip/download","GET","payroll.payslip.download","d:\laragon\www\Aero-Enterprise-Suite-Saas\packages\aero-hrm\routes\web.php","482"
"/payroll/{id}/payslip/email","POST","payroll.payslip.email","d:\laragon\www\Aero-Enterprise-Suite-Saas\packages\aero-hrm\routes\web.php","483"
"/payroll/{id}/payslip/generate","POST","payroll.payslip.generate","d:\laragon\www\Aero-Enterprise-Suite-Saas\packages\aero-hrm\routes\web.php","480"
"/payroll/{id}/process","POST","payroll.process","d:\laragon\www\Aero-Enterprise-Suite-Saas\packages\aero-hrm\routes\web.php","472"
"/payroll/bank-file","GET","payroll.bank-file","d:\laragon\www\Aero-Enterprise-Suite-Saas\packages\aero-hrm\routes\web.php","463"
"/payroll/bulk/generate","POST","payroll.bulk.generate","d:\laragon\www\Aero-Enterprise-Suite-Saas\packages\aero-hrm\routes\web.php","475"
"/payroll/bulk/process","POST","payroll.bulk.process","d:\laragon\www\Aero-Enterprise-Suite-Saas\packages\aero-hrm\routes\web.php","476"
"/payroll/components","GET","payroll.components","d:\laragon\www\Aero-Enterprise-Suite-Saas\packages\aero-hrm\routes\web.php","457"
"/payroll/create","GET","payroll.create","d:\laragon\www\Aero-Enterprise-Suite-Saas\packages\aero-hrm\routes\web.php","464"
"/payroll/declarations","GET","payroll.declarations","d:\laragon\www\Aero-Enterprise-Suite-Saas\packages\aero-hrm\routes\web.php","461"
"/payroll/loans","GET","payroll.loans","d:\laragon\www\Aero-Enterprise-Suite-Saas\packages\aero-hrm\routes\web.php","462"
"/payroll/payslips","GET","payroll.payslips","d:\laragon\www\Aero-Enterprise-Suite-Saas\packages\aero-hrm\routes\web.php","459"
"/payroll/payslips/bulk-generate","POST","payroll.payslips.bulk.generate","d:\laragon\www\Aero-Enterprise-Suite-Saas\packages\aero-hrm\routes\web.php","481"
"/payroll/reports","GET","payroll.reports","d:\laragon\www\Aero-Enterprise-Suite-Saas\packages\aero-hrm\routes\web.php","486"
"/payroll/reports/bank-transfer","POST","payroll.reports.bank","d:\laragon\www\Aero-Enterprise-Suite-Saas\packages\aero-hrm\routes\web.php","489"
"/payroll/reports/monthly-summary","POST","payroll.reports.monthly","d:\laragon\www\Aero-Enterprise-Suite-Saas\packages\aero-hrm\routes\web.php","487"
"/payroll/reports/statutory","POST","payroll.reports.statutory","d:\laragon\www\Aero-Enterprise-Suite-Saas\packages\aero-hrm\routes\web.php","490"
"/payroll/reports/tax","POST","payroll.reports.tax","d:\laragon\www\Aero-Enterprise-Suite-Saas\packages\aero-hrm\routes\web.php","488"
"/payroll/run","GET","payroll.run","d:\laragon\www\Aero-Enterprise-Suite-Saas\packages\aero-hrm\routes\web.php","458"
"/payroll/structures","GET","payroll.structures","d:\laragon\www\Aero-Enterprise-Suite-Saas\packages\aero-hrm\routes\web.php","456"
"/payroll/tax","GET","payroll.tax","d:\laragon\www\Aero-Enterprise-Suite-Saas\packages\aero-hrm\routes\web.php","460"
"/performance","POST","performance.store","d:\laragon\www\Aero-Enterprise-Suite-Saas\packages\aero-hrm\routes\web.php","100"
"/performance/{id}","DELETE","performance.destroy","d:\laragon\www\Aero-Enterprise-Suite-Saas\packages\aero-hrm\routes\web.php","104"
"/performance/{id}/edit","GET","performance.edit","d:\laragon\www\Aero-Enterprise-Suite-Saas\packages\aero-hrm\routes\web.php","102"
"/performance/create","GET","performance.create","d:\laragon\www\Aero-Enterprise-Suite-Saas\packages\aero-hrm\routes\web.php","99"
"/performance/stats","GET","performance.stats","d:\laragon\www\Aero-Enterprise-Suite-Saas\packages\aero-hrm\routes\web.php","98"
"/performance/templates","POST","performance.templates.store","d:\laragon\www\Aero-Enterprise-Suite-Saas\packages\aero-hrm\routes\web.php","109"
"/performance/templates/{id}","DELETE","performance.templates.destroy","d:\laragon\www\Aero-Enterprise-Suite-Saas\packages\aero-hrm\routes\web.php","113"
"/performance/templates/{id}/edit","GET","performance.templates.edit","d:\laragon\www\Aero-Enterprise-Suite-Saas\packages\aero-hrm\routes\web.php","111"
"/performance/templates/create","GET","performance.templates.create","d:\laragon\www\Aero-Enterprise-Suite-Saas\packages\aero-hrm\routes\web.php","108"
"/pipeline-report","GET","pipeline-report","d:\laragon\www\Aero-Enterprise-Suite-Saas\packages\aero-hrm\routes\web.php","935"
"/profile","PUT","profile.update","d:\laragon\www\Aero-Enterprise-Suite-Saas\packages\aero-hrm\routes\web.php","515"
"/profile/{user}","GET","profile","d:\laragon\www\Aero-Enterprise-Suite-Saas\packages\aero-hrm\routes\web.php","614"
"/profile/{user}/export","GET","profile.export","d:\laragon\www\Aero-Enterprise-Suite-Saas\packages\aero-hrm\routes\web.php","625"
"/profile/{user}/stats","GET","profile.stats","d:\laragon\www\Aero-Enterprise-Suite-Saas\packages\aero-hrm\routes\web.php","624"
"/profile/{user}/track-view","POST","profile.trackView","d:\laragon\www\Aero-Enterprise-Suite-Saas\packages\aero-hrm\routes\web.php","626"
"/profile/delete","DELETE","profile.delete","d:\laragon\www\Aero-Enterprise-Suite-Saas\packages\aero-hrm\routes\web.php","616"
"/profile/edit","GET","profile.edit","d:\laragon\www\Aero-Enterprise-Suite-Saas\packages\aero-hrm\routes\web.php","514"
"/profile/image/remove","DELETE","profile.image.remove","d:\laragon\www\Aero-Enterprise-Suite-Saas\packages\aero-hrm\routes\web.php","621"
"/profile/image/upload","POST","profile.image.upload","d:\laragon\www\Aero-Enterprise-Suite-Saas\packages\aero-hrm\routes\web.php","620"
"/profile/update","POST","profile.update","d:\laragon\www\Aero-Enterprise-Suite-Saas\packages\aero-hrm\routes\web.php","615"
"/progressions","GET","progressions","d:\laragon\www\Aero-Enterprise-Suite-Saas\packages\aero-hrm\routes\web.php","1048"
"/promotions","POST","promotions.store","d:\laragon\www\Aero-Enterprise-Suite-Saas\packages\aero-hrm\routes\web.php","1030"
"/punchIn","POST","punchIn","d:\laragon\www\Aero-Enterprise-Suite-Saas\packages\aero-hrm\routes\web.php","587"
"/punchOut","POST","punchOut","d:\laragon\www\Aero-Enterprise-Suite-Saas\packages\aero-hrm\routes\web.php","588"
"/recruitment","POST","recruitment.store","d:\laragon\www\Aero-Enterprise-Suite-Saas\packages\aero-hrm\routes\web.php","186"
"/recruitment/{id}","DELETE","recruitment.destroy","d:\laragon\www\Aero-Enterprise-Suite-Saas\packages\aero-hrm\routes\web.php","204"
"/recruitment/{id}/ajax","PUT","recruitment.update.ajax","d:\laragon\www\Aero-Enterprise-Suite-Saas\packages\aero-hrm\routes\web.php","210"
"/recruitment/{id}/applications","POST","recruitment.applications.store","d:\laragon\www\Aero-Enterprise-Suite-Saas\packages\aero-hrm\routes\web.php","228"
"/recruitment/{id}/applications/{applicationId}","DELETE","recruitment.applications.destroy","d:\laragon\www\Aero-Enterprise-Suite-Saas\packages\aero-hrm\routes\web.php","231"
"/recruitment/{id}/applications/{applicationId}/interviews","POST","recruitment.interviews.store","d:\laragon\www\Aero-Enterprise-Suite-Saas\packages\aero-hrm\routes\web.php","238"
"/recruitment/{id}/applications/{applicationId}/interviews/{interviewId}","DELETE","recruitment.interviews.destroy","d:\laragon\www\Aero-Enterprise-Suite-Saas\packages\aero-hrm\routes\web.php","240"
"/recruitment/{id}/applications/{applicationId}/offer","POST","recruitment.applications.extend-offer","d:\laragon\www\Aero-Enterprise-Suite-Saas\packages\aero-hrm\routes\web.php","243"
"/recruitment/{id}/applications/{applicationId}/stage","PUT","recruitment.applications.update-stage","d:\laragon\www\Aero-Enterprise-Suite-Saas\packages\aero-hrm\routes\web.php","234"
"/recruitment/{id}/applications/create","GET","recruitment.applications.create","d:\laragon\www\Aero-Enterprise-Suite-Saas\packages\aero-hrm\routes\web.php","227"
"/recruitment/{id}/applications/data","GET","recruitment.data.applications","d:\laragon\www\Aero-Enterprise-Suite-Saas\packages\aero-hrm\routes\web.php","214"
"/recruitment/{id}/applications/export","GET","recruitment.applications.export","d:\laragon\www\Aero-Enterprise-Suite-Saas\packages\aero-hrm\routes\web.php","223"
"/recruitment/{id}/close","POST","recruitment.close","d:\laragon\www\Aero-Enterprise-Suite-Saas\packages\aero-hrm\routes\web.php","219"
"/recruitment/{id}/data","GET","recruitment.data.show","d:\laragon\www\Aero-Enterprise-Suite-Saas\packages\aero-hrm\routes\web.php","213"
"/recruitment/{id}/edit","GET","recruitment.edit","d:\laragon\www\Aero-Enterprise-Suite-Saas\packages\aero-hrm\routes\web.php","202"
"/recruitment/{id}/kanban","GET","recruitment.kanban","d:\laragon\www\Aero-Enterprise-Suite-Saas\packages\aero-hrm\routes\web.php","207"
"/recruitment/{id}/publish","POST","recruitment.publish","d:\laragon\www\Aero-Enterprise-Suite-Saas\packages\aero-hrm\routes\web.php","217"
"/recruitment/{id}/report","GET","recruitment.report","d:\laragon\www\Aero-Enterprise-Suite-Saas\packages\aero-hrm\routes\web.php","222"
"/recruitment/{id}/unpublish","POST","recruitment.unpublish","d:\laragon\www\Aero-Enterprise-Suite-Saas\packages\aero-hrm\routes\web.php","218"
"/recruitment/ajax","POST","recruitment.store.ajax","d:\laragon\www\Aero-Enterprise-Suite-Saas\packages\aero-hrm\routes\web.php","189"
"/recruitment/applications/bulk-update","PATCH","recruitment.applications.bulk-update","d:\laragon\www\Aero-Enterprise-Suite-Saas\packages\aero-hrm\routes\web.php","198"
"/recruitment/data","GET","recruitment.data.index","d:\laragon\www\Aero-Enterprise-Suite-Saas\packages\aero-hrm\routes\web.php","192"
"/recruitment/statistics","GET","recruitment.statistics","d:\laragon\www\Aero-Enterprise-Suite-Saas\packages\aero-hrm\routes\web.php","195"
"/role-frameworks","POST","role-frameworks.store","d:\laragon\www\Aero-Enterprise-Suite-Saas\packages\aero-hrm\routes\web.php","144"
"/run-predictions","POST","run-predictions","d:\laragon\www\Aero-Enterprise-Suite-Saas\packages\aero-hrm\routes\web.php","924"
"/safety","GET","safety.index","d:\laragon\www\Aero-Enterprise-Suite-Saas\packages\aero-hrm\routes\web.php","375"
"/safety/incidents","POST","safety.incidents.store","d:\laragon\www\Aero-Enterprise-Suite-Saas\packages\aero-hrm\routes\web.php","379"
"/safety/incidents/{id}","DELETE","safety.incidents.destroy","d:\laragon\www\Aero-Enterprise-Suite-Saas\packages\aero-hrm\routes\web.php","382"
"/safety/incidents/{id}/resolve","POST","safety.incidents.resolve","d:\laragon\www\Aero-Enterprise-Suite-Saas\packages\aero-hrm\routes\web.php","383"
"/safety/incidents/create","GET","safety.incidents.create","d:\laragon\www\Aero-Enterprise-Suite-Saas\packages\aero-hrm\routes\web.php","378"
"/safety/inspections","POST","safety.inspections.store","d:\laragon\www\Aero-Enterprise-Suite-Saas\packages\aero-hrm\routes\web.php","388"
"/safety/inspections/{id}","DELETE","safety.inspections.destroy","d:\laragon\www\Aero-Enterprise-Suite-Saas\packages\aero-hrm\routes\web.php","391"
"/safety/inspections/create","GET","safety.inspections.create","d:\laragon\www\Aero-Enterprise-Suite-Saas\packages\aero-hrm\routes\web.php","387"
"/safety/stats","GET","safety.stats","d:\laragon\www\Aero-Enterprise-Suite-Saas\packages\aero-hrm\routes\web.php","376"
"/safety/training","POST","safety.training.store","d:\laragon\www\Aero-Enterprise-Suite-Saas\packages\aero-hrm\routes\web.php","396"
"/safety/training/{id}","PUT","safety.training.update","d:\laragon\www\Aero-Enterprise-Suite-Saas\packages\aero-hrm\routes\web.php","398"
"/safety/training/create","GET","safety.training.create","d:\laragon\www\Aero-Enterprise-Suite-Saas\packages\aero-hrm\routes\web.php","395"
"/self-service","GET","selfservice.index","d:\laragon\www\Aero-Enterprise-Suite-Saas\packages\aero-hrm\routes\web.php","439"
"/self-service/benefits","GET","selfservice.benefits","d:\laragon\www\Aero-Enterprise-Suite-Saas\packages\aero-hrm\routes\web.php","443"
"/self-service/career-path","GET","selfservice.careerpath","d:\laragon\www\Aero-Enterprise-Suite-Saas\packages\aero-hrm\routes\web.php","449"
"/self-service/documents","GET","selfservice.documents","d:\laragon\www\Aero-Enterprise-Suite-Saas\packages\aero-hrm\routes\web.php","442"
"/self-service/payslips","GET","selfservice.payslips","d:\laragon\www\Aero-Enterprise-Suite-Saas\packages\aero-hrm\routes\web.php","447"
"/self-service/performance","GET","selfservice.performance","d:\laragon\www\Aero-Enterprise-Suite-Saas\packages\aero-hrm\routes\web.php","448"
"/self-service/profile","PUT","selfservice.profile.update","d:\laragon\www\Aero-Enterprise-Suite-Saas\packages\aero-hrm\routes\web.php","441"
"/self-service/time-off","POST","selfservice.timeoff.request","d:\laragon\www\Aero-Enterprise-Suite-Saas\packages\aero-hrm\routes\web.php","445"
"/self-service/trainings","GET","selfservice.trainings","d:\laragon\www\Aero-Enterprise-Suite-Saas\packages\aero-hrm\routes\web.php","446"
"/settings/attendance","POST","attendance-settings.update","d:\laragon\www\Aero-Enterprise-Suite-Saas\packages\aero-hrm\routes\web.php","761"
"/settings/attendance-type","POST","attendance-types.store","d:\laragon\www\Aero-Enterprise-Suite-Saas\packages\aero-hrm\routes\web.php","762"
"/settings/attendance-type/{id}","DELETE","attendance-types.destroy","d:\laragon\www\Aero-Enterprise-Suite-Saas\packages\aero-hrm\routes\web.php","764"
"/settings/attendance-type/{id}/add-item","POST","attendance-types.addItem","d:\laragon\www\Aero-Enterprise-Suite-Saas\packages\aero-hrm\routes\web.php","767"
"/settings/attendance-type/{id}/generate-qr","POST","attendance-types.generateQr","d:\laragon\www\Aero-Enterprise-Suite-Saas\packages\aero-hrm\routes\web.php","769"
"/settings/attendance-type/{id}/remove-item","DELETE","attendance-types.removeItem","d:\laragon\www\Aero-Enterprise-Suite-Saas\packages\aero-hrm\routes\web.php","768"
"/shifts","GET","shifts","d:\laragon\www\Aero-Enterprise-Suite-Saas\packages\aero-hrm\routes\web.php","732"
"/skills","POST","skills.store","d:\laragon\www\Aero-Enterprise-Suite-Saas\packages\aero-hrm\routes\web.php","285"
"/skills/{id}","DELETE","skills.destroy","d:\laragon\www\Aero-Enterprise-Suite-Saas\packages\aero-hrm\routes\web.php","287"
"/skills/all-employee-skills","GET","skills.all-employee-skills","d:\laragon\www\Aero-Enterprise-Suite-Saas\packages\aero-hrm\routes\web.php","284"
"/skills/matrix","GET","skills.matrix","d:\laragon\www\Aero-Enterprise-Suite-Saas\packages\aero-hrm\routes\web.php","283"
"/skills/stats","GET","skills.stats","d:\laragon\www\Aero-Enterprise-Suite-Saas\packages\aero-hrm\routes\web.php","282"
"/stats","GET","stats","d:\laragon\www\Aero-Enterprise-Suite-Saas\packages\aero-hrm\routes\web.php","1112"
"/talent-mobility","GET","talent-mobility","d:\laragon\www\Aero-Enterprise-Suite-Saas\packages\aero-hrm\routes\web.php","911"
"/team","GET","team","d:\laragon\www\Aero-Enterprise-Suite-Saas\packages\aero-hrm\routes\web.php","124"
"/team-matrix","GET","team-matrix","d:\laragon\www\Aero-Enterprise-Suite-Saas\packages\aero-hrm\routes\web.php","145"
"/time-off","GET","timeoff.index","d:\laragon\www\Aero-Enterprise-Suite-Saas\packages\aero-hrm\routes\web.php","363"
"/time-off/approvals","GET","timeoff.approvals","d:\laragon\www\Aero-Enterprise-Suite-Saas\packages\aero-hrm\routes\web.php","365"
"/time-off/approve/{id}","POST","timeoff.approve","d:\laragon\www\Aero-Enterprise-Suite-Saas\packages\aero-hrm\routes\web.php","366"
"/time-off/balances","GET","timeoff.balances","d:\laragon\www\Aero-Enterprise-Suite-Saas\packages\aero-hrm\routes\web.php","319"
"/time-off/calendar","GET","timeoff.calendar","d:\laragon\www\Aero-Enterprise-Suite-Saas\packages\aero-hrm\routes\web.php","364"
"/time-off/dashboard","GET","timeoff.dashboard","d:\laragon\www\Aero-Enterprise-Suite-Saas\packages\aero-hrm\routes\web.php","307"
"/time-off/employee-requests","GET","timeoff.employee-requests","d:\laragon\www\Aero-Enterprise-Suite-Saas\packages\aero-hrm\routes\web.php","325"
"/time-off/holidays","GET","timeoff.holidays","d:\laragon\www\Aero-Enterprise-Suite-Saas\packages\aero-hrm\routes\web.php","310"
"/time-off/leave-requests","GET","timeoff.leave-requests","d:\laragon\www\Aero-Enterprise-Suite-Saas\packages\aero-hrm\routes\web.php","313"
"/time-off/reject/{id}","POST","timeoff.reject","d:\laragon\www\Aero-Enterprise-Suite-Saas\packages\aero-hrm\routes\web.php","367"
"/time-off/reports","GET","timeoff.reports","d:\laragon\www\Aero-Enterprise-Suite-Saas\packages\aero-hrm\routes\web.php","368"
"/time-off/settings","PUT","timeoff.settings.update","d:\laragon\www\Aero-Enterprise-Suite-Saas\packages\aero-hrm\routes\web.php","370"
"/time-off-legacy","GET","timeoff-legacy.index","d:\laragon\www\Aero-Enterprise-Suite-Saas\packages\aero-hrm\routes\web.php","330"
"/time-off-legacy/{id}/approve","POST","timeoff-legacy.approve","d:\laragon\www\Aero-Enterprise-Suite-Saas\packages\aero-hrm\routes\web.php","333"
"/time-off-legacy/{id}/reject","POST","timeoff-legacy.reject","d:\laragon\www\Aero-Enterprise-Suite-Saas\packages\aero-hrm\routes\web.php","334"
"/time-off-legacy/approvals","GET","timeoff-legacy.approvals","d:\laragon\www\Aero-Enterprise-Suite-Saas\packages\aero-hrm\routes\web.php","332"
"/time-off-legacy/calendar","GET","timeoff-legacy.calendar","d:\laragon\www\Aero-Enterprise-Suite-Saas\packages\aero-hrm\routes\web.php","331"
"/time-off-legacy/reports","GET","timeoff-legacy.reports","d:\laragon\www\Aero-Enterprise-Suite-Saas\packages\aero-hrm\routes\web.php","335"
"/time-off-legacy/settings","PUT","timeoff-legacy.settings.update","d:\laragon\www\Aero-Enterprise-Suite-Saas\packages\aero-hrm\routes\web.php","337"
"/timesheet","GET","timesheet","d:\laragon\www\Aero-Enterprise-Suite-Saas\packages\aero-hrm\routes\web.php","735"
"/training","POST","training.store","d:\laragon\www\Aero-Enterprise-Suite-Saas\packages\aero-hrm\routes\web.php","158"
"/training/{id}","DELETE","training.destroy","d:\laragon\www\Aero-Enterprise-Suite-Saas\packages\aero-hrm\routes\web.php","162"
"/training/{id}/edit","GET","training.edit","d:\laragon\www\Aero-Enterprise-Suite-Saas\packages\aero-hrm\routes\web.php","160"
"/training/{id}/enrollments","POST","training.enrollments.store","d:\laragon\www\Aero-Enterprise-Suite-Saas\packages\aero-hrm\routes\web.php","178"
"/training/{id}/enrollments/{enrollmentId}","DELETE","training.enrollments.destroy","d:\laragon\www\Aero-Enterprise-Suite-Saas\packages\aero-hrm\routes\web.php","180"
"/training/{id}/materials","POST","training.materials.store","d:\laragon\www\Aero-Enterprise-Suite-Saas\packages\aero-hrm\routes\web.php","172"
"/training/{id}/materials/{materialId}","DELETE","training.materials.destroy","d:\laragon\www\Aero-Enterprise-Suite-Saas\packages\aero-hrm\routes\web.php","174"
"/training/categories","POST","training.categories.store","d:\laragon\www\Aero-Enterprise-Suite-Saas\packages\aero-hrm\routes\web.php","166"
"/training/categories/{id}","DELETE","training.categories.destroy","d:\laragon\www\Aero-Enterprise-Suite-Saas\packages\aero-hrm\routes\web.php","168"
"/training/create","GET","training.create","d:\laragon\www\Aero-Enterprise-Suite-Saas\packages\aero-hrm\routes\web.php","157"
"/transfers","POST","transfers.store","d:\laragon\www\Aero-Enterprise-Suite-Saas\packages\aero-hrm\routes\web.php","1034"
"/update-leave-type/{id}","PUT","update-leave-type","d:\laragon\www\Aero-Enterprise-Suite-Saas\packages\aero-hrm\routes\web.php","693"
"/warnings","POST","warnings.store","d:\laragon\www\Aero-Enterprise-Suite-Saas\packages\aero-hrm\routes\web.php","873"
"/warnings/{id}","DELETE","warnings.destroy","d:\laragon\www\Aero-Enterprise-Suite-Saas\packages\aero-hrm\routes\web.php","875"
"/warnings/data","GET","warnings.data","d:\laragon\www\Aero-Enterprise-Suite-Saas\packages\aero-hrm\routes\web.php","872"
